{
  "n_total_bars": 525540,
  "n_long_signals": 3036,
  "n_short_signals": 276335,
  "n_wait": 246169,
  "regime_distribution": {
    "BULLISH_EXPANSION": 0,
    "BEARISH_EXPANSION": 0,
    "CHOPPY": 525540,
    "OTHER": 0
  },
  "signal_pct": {
    "long": 0.577691517296495,
    "short": 52.5811546219127
  }
}