{
  "scenario": "meta_regime",
  "features": [
    "rsi_14",
    "ema_dist",
    "atr_14",
    "fvg_bull",
    "fvg_bear",
    "oi_delta",
    "rvol_20",
    "vol_accel",
    "delta_streak",
    "prob_long",
    "prob_short",
    "prob_stay",
    "side_long",
    "side_short",
    "regime_v33_uptrend",
    "regime_v33_downtrend",
    "regime_v33_hivol_range",
    "regime_v33_lovol_range",
    "regime_master_BULLISH_EXPANSION",
    "regime_master_BEARISH_EXPANSION",
    "regime_master_CHOPPY"
  ],
  "n_features": 21,
  "cv_scores": {
    "folds": [
      {
        "fold": 1,
        "n_train": 503,
        "n_test": 255,
        "auc": 0.5679265330904677,
        "f1": 0.30303030303030304
      },
      {
        "fold": 2,
        "n_train": 503,
        "n_test": 255,
        "auc": 0.5626155552816468,
        "f1": 0.45871559633027525
      },
      {
        "fold": 3,
        "n_train": 510,
        "n_test": 255,
        "auc": 0.5904862317042919,
        "f1": 0.4585365853658537
      }
    ],
    "mean_auc": 0.5736761066921354,
    "mean_f1": 0.406760828242144
  },
  "n_train_total": 765,
  "positive_rate": 0.4196078431372549,
  "mean_sample_weight": 1.2154076735105088,
  "created_at": "2026-05-20T01:47:02.588896",
  "sample_weight_method": "abs_net_return",
  "m2_threshold": 0.5
}