{
  "REV_MDDfree_36mo": {
    "p": {
      "rev_tf": 240,
      "piv": 20,
      "N": 3,
      "f1": 0.22457093196269487,
      "f2": 0.4875006668711933,
      "f3": 0.8031050709640568,
      "iam": 0.5974646025826134,
      "q": 0.31807757356697036,
      "qwin": 26,
      "arm": 3
    },
    "lev": 13,
    "sz": 100,
    "tot": 853337.2778209839,
    "mdd": -85.21270181064268,
    "bm": 481.06358449267594,
    "nl": 0,
    "ntr": 932
  },
  "REV_MDDfree_1mo": {
    "p": {
      "rev_tf": 240,
      "piv": 20,
      "N": 7,
      "f1": 0.4271579142665436,
      "f2": 0.4702585684883645,
      "f3": 0.7173702547637948,
      "iam": 0.9342029707747821,
      "q": 0.36983103298599534,
      "qwin": 69,
      "arm": 3
    },
    "lev": 30,
    "sz": 100,
    "tot": -100.0,
    "mdd": -100.0,
    "bm": 6039.938193153769,
    "nl": 13,
    "ntr": 864
  },
  "REV_MDD25_36mo": {
    "p": {
      "rev_tf": 240,
      "piv": 20,
      "N": 3,
      "f1": 0.22457093196269487,
      "f2": 0.4875006668711933,
      "f3": 0.8031050709640568,
      "iam": 0.5974646025826134,
      "q": 0.31807757356697036,
      "qwin": 26,
      "arm": 3
    },
    "lev": 3,
    "sz": 75,
    "tot": 1851.6491162901439,
    "mdd": -24.555640887050735,
    "bm": 44.35806642635944,
    "nl": 0,
    "ntr": 932
  },
  "REV_MDD25_1mo": {
    "p": {
      "rev_tf": 240,
      "piv": 20,
      "N": 6,
      "f1": 0.17400878273306375,
      "f2": 0.6439449348281533,
      "f3": 0.7046377287068757,
      "iam": 1.1338703566727348,
      "q": 0.24006010926214405,
      "qwin": 31,
      "arm": 11
    },
    "lev": 13,
    "sz": 10,
    "tot": 428.60121623738667,
    "mdd": -22.218844641092016,
    "bm": 51.093614577597094,
    "nl": 0,
    "ntr": 862
  }
}