{
  "sig_tf": 420,
  "pivot_tf": 60,
  "N": 5,
  "fib1": 0.17175359328868386,
  "fib2": 0.5610560749632999,
  "fib3": 0.7625320719320405,
  "init_atr_mult": 2.543792451655748,
  "er_gate": 0.1806372841843695,
  "size_pct": 2.697875068654253,
  "lev": 12.305545918984766
}