{
  "ts_tf": 240,
  "rev_tf": 240,
  "piv": 60,
  "N": 8,
  "f1": 0.29997891786818354,
  "f2": 0.47232864848248857,
  "f3": 0.8756114622048677,
  "iam": 0.6858207191944385,
  "erg": 0.22076755779660104,
  "q": 0.37379871493732797,
  "qwin": 22,
  "arm": 4,
  "w": 0.8226090631355318,
  "expo": 1.0
}