{
  "rev_q": 0.3710186456027541,
  "fib1": 0.20917469016989126,
  "fib2": 0.5338418189576244,
  "fib3": 0.8077250620567765,
  "init_atr_mult": 2.746789111241959,
  "arm_bars": 14,
  "w_rev": 0.6561282843137237
}