{
  "candidates": 150,
  "calendar": "2023-05~2026-04",
  "year4": {
    "name": "연도그룹 leave-one-out (참고)",
    "folds": 4,
    "median": 45.13775508920473,
    "p25": 27.475994723209645,
    "worst": -11.99961867146011,
    "neg": 25.0,
    "mdd_worst": -21.218368604932667,
    "mdd_viol": 25.0
  },
  "std6": {
    "name": "표준6그룹 choose-2 = 15경로 (본선)",
    "folds": 15,
    "median": 36.76761838341989,
    "p25": 12.742275316072327,
    "worst": -13.003401996470053,
    "neg": 20.0,
    "mdd_worst": -35.19755104627444,
    "mdd_viol": 53.333333333333336
  },
  "runtime": "0h02m"
}