{
  "max_total": {
    "ts_tf": 720,
    "rev_tf": 240,
    "piv": 20,
    "N": 6,
    "f1": 0.17400878273306375,
    "f2": 0.6439449348281533,
    "f3": 0.7046377287068757,
    "iam": 1.1338703566727348,
    "erg": 0.08012021852428806,
    "q": 0.39829979190551623,
    "qwin": 55,
    "arm": 4,
    "w": 0.7329107509688493,
    "expo": 2.976585381109162
  },
  "max_monthly": {
    "ts_tf": 720,
    "rev_tf": 240,
    "piv": 20,
    "N": 6,
    "f1": 0.17400878273306375,
    "f2": 0.6439449348281533,
    "f3": 0.7046377287068757,
    "iam": 1.1338703566727348,
    "erg": 0.08012021852428806,
    "q": 0.39829979190551623,
    "qwin": 55,
    "arm": 4,
    "w": 0.7329107509688493,
    "expo": 2.976585381109162
  }
}